entry_time,ticker,direction,influence_score,net_return,pnl,relevance_score,signal_sense,signal_reason,tweet_text
2025-08-04 13:57:00,USO,LONG,0.001355,0.0912,15.21,0.2,MARGINAL,CorrelationDiscovery:+tweet_embedding_243,"Sidney Sweeney, a registered Republican, has the HOTTEST ad out there. It’s for American Eagle, and the jeans are “flying of the shelves.” Go get ‘em Sidney. On the other side of the ledger, Jaguar di"
2025-08-04 14:02:01,UUP,LONG,0.003216,-0.0267,-4.45,0.2,MARGINAL,CorrelationDiscovery:+tweet_embedding_349,"Sidney Sweeney, a registered Republican, has the HOTTEST ad out there. It’s for American Eagle, and the jeans are “flying of the shelves.” Go get ‘em Sidney. On the other side of the ledger, Jaguar di"
2025-08-04 14:19:50,USO,SHORT,-0.000327,-0.2363,-59.08,0.2,MARGINAL,CorrelationDiscovery:+tweet_embedding_243,"Sydney Sweeney, a registered Republican, has the “HOTTEST” ad out there. It’s for American Eagle, and the jeans are “flying of the shelves.” Go get ‘em Sydney! On the other side of the ledger, Jaguar "
2025-08-04 14:21:33,UUP,LONG,0.004699,-0.0085,-1.42,0.2,MARGINAL,CorrelationDiscovery:+tweet_embedding_349,"Sydney Sweeney, a registered Republican, has the “HOTTEST” ad out there. It’s for American Eagle, and the jeans are “flying of the shelves.” Go get ‘em Sydney! On the other side of the ledger, Jaguar "
2025-08-04 14:29:47,USO,SHORT,-0.004723,-0.3678,-122.54,0.2,MARGINAL,CorrelationDiscovery:+tweet_embedding_243,"In just 6 months, I cut costs, especially Energy and Taxes, Tremendously. Elizabeth “Pocahontas” Warren, on CNBC, said costs have gone up. She is just angry that I blew up her terrible Presidential Ca"
2025-08-04 14:51:01,USO,SHORT,-0.001178,-1.0915,-272.41,0.3,MARGINAL,CorrelationDiscovery:+tweet_embedding_243,"India is not only buying massive amounts of Russian Oil, they are then, for much of the Oil purchased, selling it on the Open Market for big profits. They don’t care how many people in Ukraine are bei"
2025-08-04 14:50:57,DIA,LONG,0.002574,0.0765,38.09,0.4,GOOD,CorrelationDiscovery:+tweet_embedding_251,"India is not only buying massive amounts of Russian Oil, they are then, for much of the Oil purchased, selling it on the Open Market for big profits. They don’t care how many people in Ukraine are bei"
2025-08-04 14:28:20,UUP,LONG,0.004482,0.2275,37.76,0.2,MARGINAL,CorrelationDiscovery:+tweet_embedding_349,"Sydney Sweeney, a registered Republican, has the “HOTTEST” ad out there. It’s for American Eagle, and the jeans are “flying of the shelves.” Go get ‘em Sydney! On the other side of the ledger, Jaguar "
2025-08-05 09:06:00,UUP,LONG,0.00464,-0.7652,-109.1,0.2,MARGINAL,CorrelationDiscovery:+tweet_embedding_349,"Sydney Sweeney, a registered Republican, has the “HOTTEST” ad out there. It’s for American Eagle, and the jeans are “flying of the shelves.” Go get ‘em Sydney! On the other side of the ledger, Jaguar "
2025-08-06 13:38:23,UUP,SHORT,-0.005927,0.1291,42.82,0.2,MARGINAL,CorrelationDiscovery:+tweet_embedding_349,"Politically embattled Senator, Cryin’ Chuck Schumer, wants the Republicans to pay, as EXTORTION, TWO BILLION DOLLARS in order for the Radical Left Democrats to approve the hundreds of Trump Appointmen"
2025-08-05 09:04:23,SPY,LONG,0.000322,0.2348,77.91,0.4,GOOD,CorrelationDiscovery:-tweet_embedding_93,"Good day in the Stock Market (Dow + 585.06, 1.34%, S P 500 + 91.93, 1.47%, NASDAQ + 403.45, 1.95%), but there will be many more days like this. America is very rich again, and stronger than ever befor"
2025-08-07 10:38:27,UUP,SHORT,-0.005927,-0.2362,-26.01,0.2,MARGINAL,CorrelationDiscovery:+tweet_embedding_349,"Politically embattled Senator, Cryin’ Chuck Schumer, wants the Republicans to pay, as EXTORTION, TWO BILLION DOLLARS in order for the Radical Left Democrats to approve the hundreds of Trump Appointmen"
2025-08-08 04:00:00,SPY,SHORT,-0.007025,0.0026,0.65,0.3,MARGINAL,CorrelationDiscovery:-tweet_embedding_93,"The reason that The Wall Street Journal Editorial Board is always negative on “TRUMP,” and the Hundreds of Billions of Dollars we’re bringing into our Country through Tariffs, numbers that the U.S.A. "
2025-08-07 19:46:12,TLT,SHORT,-0.02648,-0.2662,-44.2,0.2,MARGINAL,CorrelationDiscovery:+tweet_embedding_109,"It is my Great Honor to announce that I have chosen Dr. Stephen Miran, current Chairman of the Council of Economic Advisors, to serve in the just vacated seat on the Federal Reserve Board until Januar"
2025-08-08 04:02:45,IEF,SHORT,-0.028252,-0.1731,-28.72,0.2,MARGINAL,CorrelationDiscovery:-tweet_embedding_263,"It is my Great Honor to announce that I have chosen Dr. Stephen Miran, current Chairman of the Council of Economic Advisors, to serve in the just vacated seat on the Federal Reserve Board until Januar"
2025-08-08 04:26:21,UUP,SHORT,-0.005522,0.033,8.21,0.3,MARGINAL,CorrelationDiscovery:+tweet_embedding_349,"The reason that The Wall Street Journal Editorial Board is always negative on “TRUMP,” and the Hundreds of Billions of Dollars we’re bringing into our Country through Tariffs, numbers that the U.S.A. "
2025-08-08 04:11:12,SHY,SHORT,-0.017454,-0.0206,-3.42,0.2,MARGINAL,CorrelationDiscovery:-tweet_embedding_108,"It is my Great Honor to announce that I have chosen Dr. Stephen Miran, current Chairman of the Council of Economic Advisors, to serve in the just vacated seat on the Federal Reserve Board until Januar"
2025-08-08 09:04:25,SPY,SHORT,-0.007025,0.5429,90.07,0.3,MARGINAL,CorrelationDiscovery:-tweet_embedding_93,"The reason that The Wall Street Journal Editorial Board is always negative on “TRUMP,” and the Hundreds of Billions of Dollars we’re bringing into our Country through Tariffs, numbers that the U.S.A. "
2025-08-05 09:05:51,DIA,LONG,0.002574,0.1523,25.29,0.4,GOOD,CorrelationDiscovery:+tweet_embedding_251,"India is not only buying massive amounts of Russian Oil, they are then, for much of the Oil purchased, selling it on the Open Market for big profits. They don’t care how many people in Ukraine are bei"
2025-08-08 09:30:00,UUP,SHORT,-0.005522,-0.0653,-4.32,0.3,MARGINAL,CorrelationDiscovery:+tweet_embedding_349,"The reason that The Wall Street Journal Editorial Board is always negative on “TRUMP,” and the Hundreds of Billions of Dollars we’re bringing into our Country through Tariffs, numbers that the U.S.A. "
2025-08-08 14:33:58,SPY,SHORT,-0.000811,-0.0816,-27.1,0.3,MARGINAL,CorrelationDiscovery:-tweet_embedding_93,"Tariffs are having a huge positive impact on the Stock Market. Almost every day, new records are set. In addition, Hundreds of Billions of Dollars are pouring into our Country’s coffers. If a Radical "
2025-08-08 14:33:59,DIA,SHORT,-0.004719,-0.0782,-25.97,0.2,MARGINAL,CorrelationDiscovery:+tweet_embedding_251,"Tariffs are having a huge positive impact on the Stock Market. Almost every day, new records are set. In addition, Hundreds of Billions of Dollars are pouring into our Country’s coffers. If a Radical "
2025-08-08 14:34:37,UUP,LONG,0.004987,0.037,4.09,0.3,MARGINAL,CorrelationDiscovery:+tweet_embedding_349,"Tariffs are having a huge positive impact on the Stock Market. Almost every day, new records are set. In addition, Hundreds of Billions of Dollars are pouring into our Country’s coffers. If a Radical "
2025-08-11 04:00:00,SPY,SHORT,-0.000935,-0.0015,-0.51,0.3,MARGINAL,CorrelationDiscovery:-tweet_embedding_93,"Tariffs are having a huge positive impact on the Stock Market. Almost every day, new records are set. In addition, Hundreds of Billions of Dollars are pouring into our Country’s coffers. If a Radical "
2025-08-08 09:04:31,TLT,SHORT,-0.02648,0.1537,17.01,0.2,MARGINAL,CorrelationDiscovery:+tweet_embedding_109,"It is my Great Honor to announce that I have chosen Dr. Stephen Miran, current Chairman of the Council of Economic Advisors, to serve in the just vacated seat on the Federal Reserve Board until Januar"
2025-08-08 09:05:35,IEF,SHORT,-0.028252,-0.0387,-4.29,0.2,MARGINAL,CorrelationDiscovery:-tweet_embedding_263,"It is my Great Honor to announce that I have chosen Dr. Stephen Miran, current Chairman of the Council of Economic Advisors, to serve in the just vacated seat on the Federal Reserve Board until Januar"
2025-08-11 04:32:21,UUP,SHORT,-0.005669,0.26,51.46,0.2,MARGINAL,CorrelationDiscovery:+tweet_embedding_349,China is worried about its shortage of soybeans. Our great farmers produce the most robust soybeans. I hope China will quickly quadruple its soybean orders. This is also a way of substantially reducin
2025-08-08 09:30:00,SHY,SHORT,-0.017454,-0.0347,-2.28,0.2,MARGINAL,CorrelationDiscovery:-tweet_embedding_108,"It is my Great Honor to announce that I have chosen Dr. Stephen Miran, current Chairman of the Council of Economic Advisors, to serve in the just vacated seat on the Federal Reserve Board until Januar"
2025-08-11 09:04:33,SPY,SHORT,-0.003985,-0.1663,-55.24,0.2,MARGINAL,CorrelationDiscovery:-tweet_embedding_93,"Crooked Nancy Pelosi, and her very “interesting” husband, beat every Hedge Fund in 2024. In other words, these two very average “minds” beat ALL of the Super Geniuses on Wall Street, thousands of them"
2025-08-11 09:06:02,IEF,LONG,0.014937,-0.0395,-3.28,0.5,GOOD,CorrelationDiscovery:-tweet_embedding_263,"The Press Conference on Crime and “Beautification” will be held tomorrow, at 10:00 A.M. EST, in the Press Briefing Room, and it will not only involve ending the Crime, Murder, and Death in our Nation’"
2025-08-11 09:04:34,TLT,SHORT,-0.007197,-0.1275,-10.58,0.2,MARGINAL,CorrelationDiscovery:+tweet_embedding_109,"The Press Conference on Crime and “Beautification” will be held tomorrow, at 10:00 A.M. EST, in the Press Briefing Room, and it will not only involve ending the Crime, Murder, and Death in our Nation’"
2025-08-11 09:30:04,SHY,LONG,0.033115,-0.0073,-0.6,0.2,MARGINAL,CorrelationDiscovery:-tweet_embedding_108,"The Press Conference on Crime and “Beautification” will be held tomorrow, at 10:00 A.M. EST, in the Press Briefing Room, and it will not only involve ending the Crime, Murder, and Death in our Nation’"
2025-08-11 09:23:40,UUP,LONG,0.011463,0.1711,11.4,0.3,MARGINAL,CorrelationDiscovery:+tweet_embedding_349,"The Press Conference on Crime and “Beautification” will be held tomorrow, at 10:00 A.M. EST, in the Press Briefing Room, and it will not only involve ending the Crime, Murder, and Death in our Nation’"
2025-08-11 11:24:24,UUP,LONG,0.007547,-0.6752,-168.15,0.3,MARGINAL,CorrelationDiscovery:+tweet_embedding_349,"The Press Conference on Crime and “Beautification” will be held tomorrow, at 10:00 A.M. EST, in the Press Briefing Room, and it will not only involve ending the Crime, Murder, and Death in our Nation’"
2025-08-11 10:57:55,SPY,SHORT,-0.003915,0.7067,702.83,0.2,MARGINAL,CorrelationDiscovery:-tweet_embedding_93,"Crooked Nancy Pelosi, and her very “interesting” husband, beat every Hedge Fund in 2024. In other words, these two very average “minds” beat ALL of the Super Geniuses on Wall Street, thousands of them"
2025-08-11 04:00:02,DIA,SHORT,-0.004803,0.5754,192.07,0.2,MARGINAL,CorrelationDiscovery:+tweet_embedding_251,"Tariffs are having a huge positive impact on the Stock Market. Almost every day, new records are set. In addition, Hundreds of Billions of Dollars are pouring into our Country’s coffers. If a Radical "
2025-08-11 10:58:21,TLT,SHORT,-0.00751,-0.7942,-199.23,0.2,MARGINAL,CorrelationDiscovery:+tweet_embedding_109,"The Press Conference on Crime and “Beautification” will be held tomorrow, at 10:00 A.M. EST, in the Press Briefing Room, and it will not only involve ending the Crime, Murder, and Death in our Nation’"
2025-08-11 10:58:20,IEF,LONG,0.011752,-0.15,-37.56,0.5,GOOD,CorrelationDiscovery:-tweet_embedding_263,"The Press Conference on Crime and “Beautification” will be held tomorrow, at 10:00 A.M. EST, in the Press Briefing Room, and it will not only involve ending the Crime, Murder, and Death in our Nation’"
2025-08-12 13:49:36,UUP,SHORT,-0.004992,0.0015,0.49,0.3,MARGINAL,CorrelationDiscovery:+tweet_embedding_349,"Jerome “Too Late” Powell must NOW lower the rate. Steve “Manouychin” really gave me a “beauty”when he pushed this loser. The damage he has done by always being Too Late is incalculable. Fortunately, t"
2025-08-12 14:16:28,DIA,SHORT,-0.003648,-0.0291,-2.42,0.2,MARGINAL,CorrelationDiscovery:+tweet_embedding_251,"Trillions of Dollars are being taken in on Tariffs, which has been incredible for our Country, its Stock Market, its General Wealth, and just about everything else. It has been proven, that even at th"
2025-08-12 14:16:27,SPY,SHORT,-0.003796,-0.0376,-6.27,0.4,GOOD,CorrelationDiscovery:-tweet_embedding_93,"Trillions of Dollars are being taken in on Tariffs, which has been incredible for our Country, its Stock Market, its General Wealth, and just about everything else. It has been proven, that even at th"
2025-08-12 14:17:51,IEF,LONG,0.041066,-0.0106,-0.35,0.2,MARGINAL,CorrelationDiscovery:-tweet_embedding_263,"Trillions of Dollars are being taken in on Tariffs, which has been incredible for our Country, its Stock Market, its General Wealth, and just about everything else. It has been proven, that even at th"
2025-08-12 14:16:46,TLT,LONG,0.008696,-0.0226,-0.75,0.2,MARGINAL,CorrelationDiscovery:+tweet_embedding_109,"Trillions of Dollars are being taken in on Tariffs, which has been incredible for our Country, its Stock Market, its General Wealth, and just about everything else. It has been proven, that even at th"
2025-08-11 11:07:37,SHY,LONG,0.024384,0.0266,6.65,0.2,MARGINAL,CorrelationDiscovery:-tweet_embedding_108,"The Press Conference on Crime and “Beautification” will be held tomorrow, at 10:00 A.M. EST, in the Press Briefing Room, and it will not only involve ending the Crime, Murder, and Death in our Nation’"
2025-08-12 14:20:01,UUP,SHORT,-0.007835,0.0312,1.04,0.4,GOOD,CorrelationDiscovery:+tweet_embedding_349,"Trillions of Dollars are being taken in on Tariffs, which has been incredible for our Country, its Stock Market, its General Wealth, and just about everything else. It has been proven, that even at th"
2025-08-12 14:24:10,DIA,SHORT,-0.002768,0.2924,24.39,0.2,MARGINAL,CorrelationDiscovery:+tweet_embedding_251,"Trillions of Dollars are being taken in on Tariffs, which has been incredible for our Country, its Stock Market, its General Wealth, and just about everything else. It has been proven, that even at th"
2025-08-12 14:24:10,SPY,SHORT,-0.003617,0.3463,28.9,0.4,GOOD,CorrelationDiscovery:-tweet_embedding_93,"Trillions of Dollars are being taken in on Tariffs, which has been incredible for our Country, its Stock Market, its General Wealth, and just about everything else. It has been proven, that even at th"
2025-08-12 14:25:15,TLT,LONG,0.00974,0.6462,17.98,0.2,MARGINAL,CorrelationDiscovery:+tweet_embedding_109,"Trillions of Dollars are being taken in on Tariffs, which has been incredible for our Country, its Stock Market, its General Wealth, and just about everything else. It has been proven, that even at th"
2025-08-12 14:24:18,IEF,LONG,0.043293,0.3215,17.89,0.2,MARGINAL,CorrelationDiscovery:-tweet_embedding_263,"Trillions of Dollars are being taken in on Tariffs, which has been incredible for our Country, its Stock Market, its General Wealth, and just about everything else. It has been proven, that even at th"
2025-08-12 14:28:28,SHY,LONG,0.030552,0.0883,1.34,0.2,MARGINAL,CorrelationDiscovery:-tweet_embedding_108,"Trillions of Dollars are being taken in on Tariffs, which has been incredible for our Country, its Stock Market, its General Wealth, and just about everything else. It has been proven, that even at th"
2025-08-12 14:28:52,UUP,SHORT,-0.007144,-0.2599,-7.23,0.4,GOOD,CorrelationDiscovery:+tweet_embedding_349,"Trillions of Dollars are being taken in on Tariffs, which has been incredible for our Country, its Stock Market, its General Wealth, and just about everything else. It has been proven, that even at th"
2025-08-05 09:04:53,USO,SHORT,-0.004723,-4.6599,-310.23,0.2,MARGINAL,CorrelationDiscovery:+tweet_embedding_243,"In just 6 months, I cut costs, especially Energy and Taxes, Tremendously. Elizabeth “Pocahontas” Warren, on CNBC, said costs have gone up. She is just angry that I blew up her terrible Presidential Ca"
2025-08-13 11:42:27,USO,LONG,0.002602,1.5918,794.9,0.3,MARGINAL,CorrelationDiscovery:+tweet_embedding_243,"Very unfair media is at work on my meeting with Putin. Constantly quoting fired losers and really dumb people like John Bolton, who just said that, even though the meeting is on American soil, “Putin "
2025-08-13 09:04:25,DIA,SHORT,-0.003152,0.269,15.04,0.2,MARGINAL,CorrelationDiscovery:+tweet_embedding_251,"Trillions of Dollars are being taken in on Tariffs, which has been incredible for our Country, its Stock Market, its General Wealth, and just about everything else. It has been proven, that even at th"
2025-08-14 12:10:19,DIA,LONG,0.005242,0.7875,792.89,0.2,MARGINAL,CorrelationDiscovery:+tweet_embedding_251,“Made in America Agenda Delivers Manufacturing Boom”
2025-08-14 09:04:33,USO,LONG,0.002577,-0.7659,-259.06,0.3,MARGINAL,CorrelationDiscovery:+tweet_embedding_243,"Very unfair media is at work on my meeting with Putin. Constantly quoting fired losers and really dumb people like John Bolton, who just said that, even though the meeting is on American soil, “Putin "
2025-08-13 09:04:26,SPY,SHORT,-0.003883,-0.2866,-16.11,0.4,GOOD,CorrelationDiscovery:-tweet_embedding_93,"Trillions of Dollars are being taken in on Tariffs, which has been incredible for our Country, its Stock Market, its General Wealth, and just about everything else. It has been proven, that even at th"
2025-08-18 14:09:21,SPY,SHORT,-0.000235,-0.1538,-155.63,0.2,MARGINAL,CorrelationDiscovery:-tweet_embedding_93,"I’ve settled 6 Wars in 6 months, one of them a possible Nuclear disaster, and yet I have to read listen to the Wall Street Journal, and many other who truly don’t have a clue, tell me everything that "
2025-08-18 09:04:17,USO,LONG,0.007577,0.0194,19.61,0.3,MARGINAL,CorrelationDiscovery:+tweet_embedding_243,RT @RealRogerStonePresident Trump Has Achieved Peace Between:???India & Pakistan???Israel & Iran (Ceasefire)???Serbia & Kosovo (Trump???s intervention deterred escalation)???Congo & Rwanda???Thailand 
2025-08-15 09:04:29,DIA,LONG,0.005242,-0.6333,-213.36,0.2,MARGINAL,CorrelationDiscovery:+tweet_embedding_251,“Made in America Agenda Delivers Manufacturing Boom”
2025-08-19 11:28:10,USO,SHORT,-0.007628,0.5804,195.11,0.2,MARGINAL,CorrelationDiscovery:+tweet_embedding_243,"STUPID AND UGLY WINDMILLS ARE KILLING NEW JERSEY. Energy prices up 28% this year, and not enough electricity to take care of state. STOP THE WINDMILLS!::"
2025-08-13 09:04:43,TLT,LONG,0.009956,-0.867,-48.67,0.2,MARGINAL,CorrelationDiscovery:+tweet_embedding_109,"Trillions of Dollars are being taken in on Tariffs, which has been incredible for our Country, its Stock Market, its General Wealth, and just about everything else. It has been proven, that even at th"
2025-08-13 09:05:47,IEF,LONG,0.043967,-0.2389,-13.4,0.2,MARGINAL,CorrelationDiscovery:-tweet_embedding_263,"Trillions of Dollars are being taken in on Tariffs, which has been incredible for our Country, its Stock Market, its General Wealth, and just about everything else. It has been proven, that even at th"
2025-08-13 09:07:11,SHY,LONG,0.028945,-0.0451,-2.53,0.2,MARGINAL,CorrelationDiscovery:-tweet_embedding_108,"Trillions of Dollars are being taken in on Tariffs, which has been incredible for our Country, its Stock Market, its General Wealth, and just about everything else. It has been proven, that even at th"
2025-08-20 09:04:44,USO,SHORT,-0.000227,0.2958,9.98,0.2,MARGINAL,CorrelationDiscovery:+tweet_embedding_243,"Leigh Wambsganss is an incredible Candidate who will be a fantastic State Senator for Texas Senate District 9! An America First Patriot, Leigh will work tirelessly to Champion School Choice, Advance t"
2025-08-20 13:52:09,USO,SHORT,-0.000859,0.0286,9.61,0.2,MARGINAL,CorrelationDiscovery:+tweet_embedding_243,Any State that has built and relied on WINDMILLS and SOLAR for power are seeing RECORD BREAKING INCREASES IN ELECTRICITY AND ENERGY COSTS. THE SCAM OF THE CENTURY! We will not approve wind or farmer d
2025-08-20 09:06:04,IEF,SHORT,-0.00032,-0.0178,-2.0,0.3,MARGINAL,CorrelationDiscovery:-tweet_embedding_263,"Could somebody please inform Jerome “Too Late” Powell that he is hurting the Housing Industry, very badly? People can’t get a Mortgage because of him. There is no Inflation, and every sign is pointing"
2025-08-20 09:04:47,TLT,SHORT,-0.005368,-0.1332,-14.95,0.3,MARGINAL,CorrelationDiscovery:+tweet_embedding_109,"Could somebody please inform Jerome “Too Late” Powell that he is hurting the Housing Industry, very badly? People can’t get a Mortgage because of him. There is no Inflation, and every sign is pointing"
2025-08-20 14:18:59,USO,SHORT,-0.006936,0.6422,216.16,0.2,MARGINAL,CorrelationDiscovery:+tweet_embedding_243,"Environmental Protection Agency Administrator, Lee Zeldin: “We want to power the great American comeback, which means clean air, land, and water for all Americans — but we can also help unleash energy"
2025-08-20 09:29:07,SHY,LONG,0.010662,0.0064,0.72,0.3,MARGINAL,CorrelationDiscovery:-tweet_embedding_108,"Could somebody please inform Jerome “Too Late” Powell that he is hurting the Housing Industry, very badly? People can’t get a Mortgage because of him. There is no Inflation, and every sign is pointing"
2025-08-19 13:24:49,DIA,SHORT,-0.001915,-0.345,-87.3,0.2,MARGINAL,CorrelationDiscovery:+tweet_embedding_251,"“US economy maintains its high S P credit rating, analysts find Trump tariffs offset his tax cuts”"
2025-08-21 04:00:15,TLT,SHORT,-0.005255,-0.1564,-17.57,0.3,MARGINAL,CorrelationDiscovery:+tweet_embedding_109,"Could somebody please inform Jerome “Too Late” Powell that he is hurting the Housing Industry, very badly? People can’t get a Mortgage because of him. There is no Inflation, and every sign is pointing"
2025-08-21 04:00:00,IEF,SHORT,-0.003764,-0.1226,-13.77,0.3,MARGINAL,CorrelationDiscovery:-tweet_embedding_263,"Could somebody please inform Jerome “Too Late” Powell that he is hurting the Housing Industry, very badly? People can’t get a Mortgage because of him. There is no Inflation, and every sign is pointing"
2025-08-21 04:01:04,USO,SHORT,-0.003643,-0.4677,-21.47,0.6,GOOD,CorrelationDiscovery:+tweet_embedding_243,"Congressman Frank Lucas is an incredible Representative for the wonderful people of Oklahoma’s 3rd Congressional District! A Fifth Generation Oklahoman, and lifelong Farmer and Rancher, Frank is a str"
2025-08-21 04:02:30,SHY,LONG,0.011005,-0.054,-6.07,0.3,MARGINAL,CorrelationDiscovery:-tweet_embedding_108,"Could somebody please inform Jerome “Too Late” Powell that he is hurting the Housing Industry, very badly? People can’t get a Mortgage because of him. There is no Inflation, and every sign is pointing"
2025-08-13 09:30:00,UUP,SHORT,-0.007334,0.9803,47.16,0.4,GOOD,CorrelationDiscovery:+tweet_embedding_349,"Trillions of Dollars are being taken in on Tariffs, which has been incredible for our Country, its Stock Market, its General Wealth, and just about everything else. It has been proven, that even at th"
2025-08-21 09:04:42,DIA,LONG,0.002586,0.1544,52.03,0.4,GOOD,CorrelationDiscovery:+tweet_embedding_251,"Big WIN for the Great State of Texas!!! Everything Passed, on our way to FIVE more Congressional seats and saving your Rights, your Freedoms, and your Country, itself. Texas never lets us down. Florid"
2025-08-21 09:05:38,USO,SHORT,-0.000859,1.2386,209.45,0.2,MARGINAL,CorrelationDiscovery:+tweet_embedding_243,Any State that has built and relied on WINDMILLS and SOLAR for power are seeing RECORD BREAKING INCREASES IN ELECTRICITY AND ENERGY COSTS. THE SCAM OF THE CENTURY! We will not approve wind or farmer d
2025-08-22 04:00:20,USO,LONG,0.00691,-0.1341,-22.65,0.6,GOOD,CorrelationDiscovery:+tweet_embedding_243,"Dustin Burrows is a True Warrior for Republicans, and is doing a fantastic job as Speaker of the Texas House of Representatives! Thanks to Dustin’s strong and effective Leadership of the Texas House, "
2025-08-21 16:00:00,UUP,LONG,0.004144,0.0096,1.62,0.2,MARGINAL,CorrelationDiscovery:+tweet_embedding_349,TOTAL VICTORY in the FAKE New York State Attorney General Letitia James Case! I greatly respect the fact that the Court had the Courage to throw out this unlawful and disgraceful Decision that was hur
2025-08-22 04:00:03,DIA,LONG,0.00227,1.6093,543.66,0.4,GOOD,CorrelationDiscovery:+tweet_embedding_251,"Big WIN for the Great State of Texas!!! Everything Passed, on our way to FIVE more Congressional seats and saving your Rights, your Freedoms, and your Country, itself. Texas never lets us down. Florid"
2025-08-22 09:04:44,USO,LONG,0.00806,0.2829,96.09,0.6,GOOD,CorrelationDiscovery:+tweet_embedding_243,"Dustin Burrows is a True Warrior for Republicans, and is doing a fantastic job as Speaker of the Texas House of Representatives! Thanks to Dustin’s strong and effective Leadership of the Texas House, "
2025-08-22 09:30:00,UUP,LONG,0.004083,-0.8139,-276.7,0.2,MARGINAL,CorrelationDiscovery:+tweet_embedding_349,TOTAL VICTORY in the FAKE New York State Attorney General Letitia James Case! I greatly respect the fact that the Court had the Courage to throw out this unlawful and disgraceful Decision that was hur
2025-08-25 04:03:51,UUP,LONG,0.001072,-0.0133,-1.13,0.3,MARGINAL,CorrelationDiscovery:+tweet_embedding_349,"I am pleased to announce that the Radical Left Representatives working at the Congressional Budget Office (CBO) have now admitted how incredible my Tariff strategy has been, saying that, “Trump’s Tari"
2025-08-25 09:28:27,UUP,SHORT,-0.001734,0.1839,62.34,0.2,MARGINAL,CorrelationDiscovery:+tweet_embedding_349,"Why is it that ABC and NBC FAKE NEWS, two of the absolute worst and most biased networks anywhere in the World, aren’t paying Millions of Dollars a year in LICENSE FEES. They should lose their License"
2025-08-25 13:14:51,UUP,LONG,0.006175,0.2775,56.49,0.2,MARGINAL,CorrelationDiscovery:+tweet_embedding_349,"I PAID ZERO FOR INTEL, IT IS WORTH APPROXIMATELY 11 BILLION DOLLARS. All goes to the USA. Why are “stupid” people unhappy with that? I will make deals like that for our Country all day long. I will al"
2025-08-26 04:01:20,UUP,SHORT,-0.002134,-0.271,-91.73,0.2,MARGINAL,CorrelationDiscovery:+tweet_embedding_349,"Why is it that ABC and NBC FAKE NEWS, two of the absolute worst and most biased networks anywhere in the World, aren’t paying Millions of Dollars a year in LICENSE FEES. They should lose their License"
2025-08-25 04:00:06,USO,LONG,0.00104,-0.7774,-65.91,0.2,MARGINAL,CorrelationDiscovery:+tweet_embedding_243,"I am pleased to announce that the Radical Left Representatives working at the Congressional Budget Office (CBO) have now admitted how incredible my Tariff strategy has been, saying that, “Trump’s Tari"
2025-08-26 09:30:00,UUP,LONG,0.006175,-0.0533,-18.07,0.2,MARGINAL,CorrelationDiscovery:+tweet_embedding_349,"I PAID ZERO FOR INTEL, IT IS WORTH APPROXIMATELY 11 BILLION DOLLARS. All goes to the USA. Why are “stupid” people unhappy with that? I will make deals like that for our Country all day long. I will al"
2025-08-26 14:39:32,USO,SHORT,-0.008834,0.3312,42.08,0.2,MARGINAL,CorrelationDiscovery:+tweet_embedding_243,"Cracker Barrel should go back to the old logo, admit a mistake based on customer response (the ultimate Poll), and manage the company better than ever before. They got a Billion Dollars worth of free "
2025-08-26 14:45:57,UUP,LONG,0.004059,0.4232,35.87,0.2,MARGINAL,CorrelationDiscovery:+tweet_embedding_349,"Cracker Barrel should go back to the old logo, admit a mistake based on customer response (the ultimate Poll), and manage the company better than ever before. They got a Billion Dollars worth of free "
2025-08-21 09:05:25,IEF,SHORT,-0.00032,0.6338,214.9,0.3,MARGINAL,CorrelationDiscovery:-tweet_embedding_263,"Could somebody please inform Jerome “Too Late” Powell that he is hurting the Housing Industry, very badly? People can’t get a Mortgage because of him. There is no Inflation, and every sign is pointing"
2025-08-27 14:48:08,IEF,LONG,0.016967,-0.0268,-5.45,0.3,MARGINAL,CorrelationDiscovery:-tweet_embedding_263,"I have been fully briefed on the tragic shooting in Minneapolis, Minnesota. The FBI quickly responded and they are on the scene. The White House will continue to monitor this terrible situation. Pleas"
2025-08-27 09:30:00,UUP,LONG,0.002948,-0.5973,-67.6,0.2,MARGINAL,CorrelationDiscovery:+tweet_embedding_349,"I am pleased to report that I have raised, since the Great Presidential Election of 2024, in various forms and political entities, in excess of 1.5 Billion Dollars. MAKE AMERICA GREAT AGAIN!!! Preside"
2025-08-14 09:28:36,EWW,SHORT,-0.010259,2.5714,873.16,0.2,MARGINAL,CorrelationDiscovery:-tweet_embedding_106,"Washington, D.C., has one of the Highest Rates of Crime in the World, more than many of the most violent Third World Countries. The City’s Homicide Rate is higher than places notorious for their viole"
2025-08-27 09:04:50,USO,SHORT,-0.008082,-0.2466,-28.2,0.2,MARGINAL,CorrelationDiscovery:+tweet_embedding_243,"Cracker Barrel should go back to the old logo, admit a mistake based on customer response (the ultimate Poll), and manage the company better than ever before. They got a Billion Dollars worth of free "
2025-08-29 09:55:10,UUP,LONG,0.002948,-0.5607,-575.95,0.2,MARGINAL,CorrelationDiscovery:+tweet_embedding_349,"I am pleased to report that I have raised, since the Great Presidential Election of 2024, in various forms and political entities, in excess of 1.5 Billion Dollars. MAKE AMERICA GREAT AGAIN!!! Preside"
2025-09-05 10:16:38,UUP,LONG,0.004904,0.1661,56.56,0.2,MARGINAL,CorrelationDiscovery:+tweet_embedding_349,"Jerry Nadler, one of the most disgusting Congressmen in USA History is, at long last, calling it “quits” - He’s finally leaving Congress! I’ve been beating this bum for 40 years, first as a New York C"
2025-09-04 19:48:08,USO,SHORT,-0.003331,-1.7925,-1831.85,0.0,SUSPECT,CorrelationDiscovery:+tweet_embedding_243,"a href="""" rel=""nofollow noopener noreferrer"" target=""_blank"" span class=""invisible"" /span span class=""ellipsis"" wsj.com/economy/trade/tariff-c /span span class=""invisible"" ase-could-give-trump-massive"
2025-09-08 12:52:32,USO,SHORT,-0.006205,-0.0937,-47.03,0.2,MARGINAL,CorrelationDiscovery:+tweet_embedding_243,"Amazing phenomenon — Any Country that relies on Windmills is DEAD. Their Energy Costs have gone through the roof, and their populations are angry. Windmills aren’t only killing the birds, they’re “kil"
2025-09-08 14:29:28,USO,SHORT,-0.005528,0.1143,114.71,0.2,MARGINAL,CorrelationDiscovery:+tweet_embedding_243,"Amazing phenomenon — Any Country that relies on Windmills is DEAD. Their Energy Costs have gone through the roof, and their populations are angry. Windmills aren’t only killing the birds, they’re “kil"
2025-09-08 16:50:44,USO,LONG,0.004716,1.656,276.95,0.2,MARGINAL,CorrelationDiscovery:+tweet_embedding_243,"“FEDS STOP 1,300 BARRELS OF METH CHEMICALS”::"
2025-08-25 04:00:00,DIA,LONG,0.002756,0.3726,15.64,0.2,MARGINAL,CorrelationDiscovery:+tweet_embedding_251,"I am pleased to announce that the Radical Left Representatives working at the Congressional Budget Office (CBO) have now admitted how incredible my Tariff strategy has been, saying that, “Trump’s Tari"
2025-09-10 04:01:20,DIA,LONG,0.001477,-0.263,-88.3,0.4,GOOD,CorrelationDiscovery:+tweet_embedding_251,"I am pleased to announce that India, and the United States of America, are continuing negotiations to address the Trade Barriers between our two Nations. I look forward to speaking with my very good f"
2025-09-09 09:04:28,USO,LONG,0.004716,-1.8551,-1866.94,0.2,MARGINAL,CorrelationDiscovery:+tweet_embedding_243,"“FEDS STOP 1,300 BARRELS OF METH CHEMICALS”::"
2025-09-08 04:06:40,UUP,SHORT,-0.000769,0.0098,1.61,0.2,MARGINAL,CorrelationDiscovery:+tweet_embedding_349,"Europe today “hit” another great American company, Google, with a $3.5 Billion Dollar fine, effectively taking money that would otherwise go to American Investments and Jobs. This is on top of the man"
2025-09-12 04:19:20,UUP,LONG,0.007916,0.137,7.57,0.2,MARGINAL,CorrelationDiscovery:+tweet_embedding_349,"I just informed Senator Ron Johnson that, based on his request, I am approving $29.8 Million Dollars for the wonderful State of Wisconsin to help them recover from the major storms and flooding they e"
2025-09-15 11:07:33,AMD,SHORT,-0.049339,0.2268,112.04,0.5,GOOD,CorrelationDiscovery:-tweet_embedding_97,"Governor Kathy Hochul of New York has Endorsed the “Liddle’ Communist,” Zohran Mamdani, running for Mayor of New York. This is a rather shocking development, and a very bad one for New York City. How "
2025-09-11 17:48:23,USO,SHORT,-0.008183,1.5008,296.22,0.2,MARGINAL,CorrelationDiscovery:+tweet_embedding_243,"Senator Roger Marshall is an incredibly strong advocate for the wonderful people of Kansas, a State I love, and WON BIG, in 2016, 2020, and 2024! A distinguished Medical Doctor and U.S. Army Veteran, "
2025-08-21 09:05:16,TLT,SHORT,-0.005368,4.4358,1466.59,0.3,MARGINAL,CorrelationDiscovery:+tweet_embedding_109,"Could somebody please inform Jerome “Too Late” Powell that he is hurting the Housing Industry, very badly? People can’t get a Mortgage because of him. There is no Inflation, and every sign is pointing"
2025-08-28 09:06:56,IEF,LONG,0.018988,1.176,394.55,0.3,MARGINAL,CorrelationDiscovery:-tweet_embedding_263,"I have been fully briefed on the tragic shooting in Minneapolis, Minnesota. The FBI quickly responded and they are on the scene. The White House will continue to monitor this terrible situation. Pleas"
2025-09-15 12:40:14,TLT,SHORT,-0.016178,-0.3345,-28.19,0.2,MARGINAL,CorrelationDiscovery:+tweet_embedding_109,"“Too Late” MUST CUT INTEREST RATES, NOW, AND BIGGER THAN HE HAD IN MIND. HOUSING WILL SOAR!!! President DJT::"
2025-09-15 11:25:09,NVDA,LONG,0.026513,0.3675,53.25,0.4,GOOD,CorrelationDiscovery:+tweet_embedding_184,"When Foreign Companies who are building extremely complex products, machines, and various other “things,” come into the United States with massive Investments, I want them to bring their people of exp"
2025-09-15 11:25:09,AMD,SHORT,-0.022391,0.9572,138.74,0.6,GOOD,CorrelationDiscovery:-tweet_embedding_97,"When Foreign Companies who are building extremely complex products, machines, and various other “things,” come into the United States with massive Investments, I want them to bring their people of exp"
2025-09-15 12:40:16,IEF,LONG,0.01708,-0.0957,-8.07,0.2,MARGINAL,CorrelationDiscovery:-tweet_embedding_263,"“Too Late” MUST CUT INTEREST RATES, NOW, AND BIGGER THAN HE HAD IN MIND. HOUSING WILL SOAR!!! President DJT::"
2025-09-15 11:25:10,QCOM,LONG,0.032044,0.4987,36.05,0.3,MARGINAL,CorrelationDiscovery:+tweet_embedding_220,"When Foreign Companies who are building extremely complex products, machines, and various other “things,” come into the United States with massive Investments, I want them to bring their people of exp"
2025-09-12 09:30:00,UUP,LONG,0.007818,-0.8194,-92.79,0.2,MARGINAL,CorrelationDiscovery:+tweet_embedding_349,"I just informed Senator Ron Johnson that, based on his request, I am approving $29.8 Million Dollars for the wonderful State of Wisconsin to help them recover from the major storms and flooding they e"
2025-08-25 04:00:00,SPY,LONG,0.004439,2.5089,105.74,0.3,MARGINAL,CorrelationDiscovery:-tweet_embedding_93,"I am pleased to announce that the Radical Left Representatives working at the Congressional Budget Office (CBO) have now admitted how incredible my Tariff strategy has been, saying that, “Trump’s Tari"
2025-09-10 09:43:06,DIA,LONG,0.001477,0.3862,195.51,0.4,GOOD,CorrelationDiscovery:+tweet_embedding_251,"I am pleased to announce that India, and the United States of America, are continuing negotiations to address the Trade Barriers between our two Nations. I look forward to speaking with my very good f"
2025-09-16 09:08:08,UUP,LONG,0.003773,-0.2737,-92.55,0.2,MARGINAL,CorrelationDiscovery:+tweet_embedding_349,"Today, I have the Great Honor of bringing a $15 Billion Dollar Defamation and Libel Lawsuit against The New York Times, one of the worst and most degenerate newspapers in the History of our Country, b"
2025-09-17 09:30:00,UUP,SHORT,-0.00251,0.2043,69.02,0.2,MARGINAL,CorrelationDiscovery:+tweet_embedding_349,"Why was the wonderful Turning Point under INVESTIGATION by “Deranged” Jack Smith and the Corrupt Incompetent Biden Administration. They tried to force Charlie, and many other people and movements, out"
2025-09-18 04:20:20,UUP,SHORT,-0.002036,0.5808,294.53,0.2,MARGINAL,CorrelationDiscovery:+tweet_embedding_349,"Why was the wonderful Turning Point under INVESTIGATION by “Deranged” Jack Smith and the Corrupt Incompetent Biden Administration. They tried to force Charlie, and many other people and movements, out"
2025-09-19 09:35:00,UUP,SHORT,-0.002036,-0.5976,-607.91,0.2,MARGINAL,CorrelationDiscovery:+tweet_embedding_349,"Why was the wonderful Turning Point under INVESTIGATION by “Deranged” Jack Smith and the Corrupt Incompetent Biden Administration. They tried to force Charlie, and many other people and movements, out"
2025-09-23 04:01:00,UUP,LONG,0.007787,0.1565,26.38,0.2,MARGINAL,CorrelationDiscovery:+tweet_embedding_349,"I just concluded a wonderful call with the Highly Respected President of Kazakhstan, Kassym-Jomart Kemeluly Tokayev. They have signed the largest Railroad Equipment Purchase in History, $4 Billion Dol"
2025-09-23 09:30:00,UUP,LONG,0.011564,-0.1783,-36.13,0.2,MARGINAL,CorrelationDiscovery:+tweet_embedding_349,"Earlier this month I spoke with the Highly Respected President of Uzbekistan, Shavkat Mirziyoyev. Today I want to congratulate President Mirziyoyev on signing a GREAT Deal with Boeing! Worth over $8 B"
2025-09-15 11:25:23,USO,SHORT,-0.008093,1.1598,390.85,0.3,MARGINAL,CorrelationDiscovery:+tweet_embedding_243,"A LETTER SENT BY PRESIDENT DONALD J. TRUMP TO ALL NATO NATIONS AND, THE WORLD: “I am ready to do major Sanctions on Russia when all NATO Nations have agreed, and started, to do the same thing, and whe"
2025-09-16 09:04:36,TLT,SHORT,-0.018259,-0.7709,-130.41,0.2,MARGINAL,CorrelationDiscovery:+tweet_embedding_109,"“Too Late” MUST CUT INTEREST RATES, NOW, AND BIGGER THAN HE HAD IN MIND. HOUSING WILL SOAR!!! President DJT::"
2025-09-16 15:13:56,SPY,LONG,0.001903,0.3257,165.06,0.3,MARGINAL,CorrelationDiscovery:-tweet_embedding_93,"a href="""" rel=""nofollow noopener noreferrer"" target=""_blank"" span class=""invisible"" /span span class=""ellipsis"" wsj.com/economy/trade/tariff-c /span span class=""invisible"" ase-could-give-trump-massive"
2025-09-16 09:06:20,IEF,LONG,0.01708,-0.3563,-60.28,0.2,MARGINAL,CorrelationDiscovery:-tweet_embedding_263,"“Too Late” MUST CUT INTEREST RATES, NOW, AND BIGGER THAN HE HAD IN MIND. HOUSING WILL SOAR!!! President DJT::"
2025-09-23 15:40:35,USO,SHORT,-0.001475,0.1065,53.99,0.2,MARGINAL,CorrelationDiscovery:+tweet_embedding_243,It was a great honor to speak before the United Nations. I believe the speech was very well received. It focused very much on energy and migration/immigration. I have been talking about this for a lon
2025-09-23 16:26:53,SPY,LONG,0.001122,0.1793,12.13,0.2,MARGINAL,CorrelationDiscovery:-tweet_embedding_93,"Highly Respected President of Argentina, Javier Milei, has proven to be a truly fantastic and powerful Leader for the Great People of Argentina, advancing on all levels at record speed. He inherited a"
2025-09-24 04:03:07,DIA,LONG,0.00071,0.0506,12.85,0.4,GOOD,CorrelationDiscovery:+tweet_embedding_251,"RT @rapidresponse47President @realDonaldTrump: In the event that Russia is not ready to make a deal to end the war, then the United States is fully prepared to impose a very strong round of powerful t"
2025-09-24 04:00:02,USO,SHORT,-0.003042,0.6778,172.07,0.3,MARGINAL,CorrelationDiscovery:+tweet_embedding_243,"RT @rapidresponse47President @realDonaldTrump: In the event that Russia is not ready to make a deal to end the war, then the United States is fully prepared to impose a very strong round of powerful t"
2025-09-23 16:26:52,TLT,LONG,0.008355,-0.3912,-26.46,0.2,MARGINAL,CorrelationDiscovery:+tweet_embedding_109,"Highly Respected President of Argentina, Javier Milei, has proven to be a truly fantastic and powerful Leader for the Great People of Argentina, advancing on all levels at record speed. He inherited a"
2025-09-23 17:29:01,IEF,SHORT,-0.001186,-0.207,-14.05,0.2,MARGINAL,CorrelationDiscovery:-tweet_embedding_263,"Highly Respected President of Argentina, Javier Milei, has proven to be a truly fantastic and powerful Leader for the Great People of Argentina, advancing on all levels at record speed. He inherited a"
2025-09-23 13:51:14,UUP,LONG,0.001669,0.6271,127.52,0.2,MARGINAL,CorrelationDiscovery:+tweet_embedding_349,"After reviewing the details of the unserious and ridiculous demands being made by the Minority Radical Left Democrats in return for their Votes to keep our thriving Country open, I have decided that n"
2025-09-24 09:30:00,UUP,LONG,0.002233,-0.0956,-13.9,0.2,MARGINAL,CorrelationDiscovery:+tweet_embedding_349,"After reviewing the details of the unserious and ridiculous demands being made by the Minority Radical Left Democrats in return for their Votes to keep our thriving Country open, I have decided that n"
2025-09-24 09:04:18,SPY,SHORT,-0.00119,-0.5217,-88.51,0.2,MARGINAL,CorrelationDiscovery:-tweet_embedding_93,"Highly Respected President of Argentina, Javier Milei, has proven to be a truly fantastic and powerful Leader for the Great People of Argentina, advancing on all levels at record speed. He inherited a"
2025-09-24 09:05:06,TLT,LONG,0.005529,-0.029,-3.28,0.2,MARGINAL,CorrelationDiscovery:+tweet_embedding_109,"Highly Respected President of Argentina, Javier Milei, has proven to be a truly fantastic and powerful Leader for the Great People of Argentina, advancing on all levels at record speed. He inherited a"
2025-09-24 09:04:44,DIA,LONG,0.001218,-0.598,-101.37,0.4,GOOD,CorrelationDiscovery:+tweet_embedding_251,"RT @rapidresponse47President @realDonaldTrump: In the event that Russia is not ready to make a deal to end the war, then the United States is fully prepared to impose a very strong round of powerful t"
2025-09-24 09:04:56,USO,LONG,0.001321,0.6817,77.02,0.3,MARGINAL,CorrelationDiscovery:+tweet_embedding_243,"RT @rapidresponse47President @realDonaldTrump: In the event that Russia is not ready to make a deal to end the war, then the United States is fully prepared to impose a very strong round of powerful t"
2025-09-24 09:14:00,IEF,SHORT,-0.007249,-0.1006,-11.37,0.2,MARGINAL,CorrelationDiscovery:-tweet_embedding_263,"Highly Respected President of Argentina, Javier Milei, has proven to be a truly fantastic and powerful Leader for the Great People of Argentina, advancing on all levels at record speed. He inherited a"
2025-09-24 19:45:37,UUP,LONG,0.001042,0.1554,26.32,0.2,MARGINAL,CorrelationDiscovery:+tweet_embedding_349,"The Democrats want Illegal Aliens, many of them VIOLENT CRIMINALS, to receive FREE Healthcare. The Democrats want $500 Million Dollars to help Radical Left News Outfits. The Democrats want to leave DE"
2025-09-25 04:00:00,SPY,LONG,0.001122,-0.5638,-47.93,0.2,MARGINAL,CorrelationDiscovery:-tweet_embedding_93,"Highly Respected President of Argentina, Javier Milei, has proven to be a truly fantastic and powerful Leader for the Great People of Argentina, advancing on all levels at record speed. He inherited a"
2025-09-25 04:00:00,TLT,LONG,0.008355,-0.3278,-27.53,0.2,MARGINAL,CorrelationDiscovery:+tweet_embedding_109,"Highly Respected President of Argentina, Javier Milei, has proven to be a truly fantastic and powerful Leader for the Great People of Argentina, advancing on all levels at record speed. He inherited a"
2025-09-25 04:09:03,UUP,SHORT,-0.00072,0.268,38.67,0.2,MARGINAL,CorrelationDiscovery:+tweet_embedding_349,"I can’t believe ABC Fake News gave Jimmy Kimmel his job back. The White House was told by ABC that his Show was cancelled! Something happened between then and now because his audience is GONE, and his"
2025-09-25 04:00:00,USO,LONG,0.000392,-0.3672,-31.13,0.2,MARGINAL,CorrelationDiscovery:+tweet_embedding_243,It was a great honor to speak before the United Nations. I believe the speech was very well received. It focused very much on energy and migration/immigration. I have been talking about this for a lon
2025-09-25 04:00:00,DIA,LONG,0.00071,-0.3018,-25.59,0.4,GOOD,CorrelationDiscovery:+tweet_embedding_251,"RT @rapidresponse47President @realDonaldTrump: In the event that Russia is not ready to make a deal to end the war, then the United States is fully prepared to impose a very strong round of powerful t"
2025-09-25 04:02:10,IEF,LONG,0.026116,-0.2757,-47.33,0.3,MARGINAL,CorrelationDiscovery:-tweet_embedding_263,"I have been briefed on the deadly shooting at the ICE Field Office in Dallas, Texas. It has now been revealed the deranged shooter wrote “Anti-ICE” on his shell casings. This is despicable! The Brave "
2025-09-25 09:05:34,USO,SHORT,-0.001533,1.4858,376.66,0.2,MARGINAL,CorrelationDiscovery:+tweet_embedding_243,It was a great honor to speak before the United Nations. I believe the speech was very well received. It focused very much on energy and migration/immigration. I have been talking about this for a lon
2025-09-25 09:04:33,SPY,LONG,0.001301,0.304,103.29,0.2,MARGINAL,CorrelationDiscovery:-tweet_embedding_93,"Highly Respected President of Argentina, Javier Milei, has proven to be a truly fantastic and powerful Leader for the Great People of Argentina, advancing on all levels at record speed. He inherited a"
2025-09-25 09:04:36,TLT,LONG,0.007472,0.4313,146.7,0.2,MARGINAL,CorrelationDiscovery:+tweet_embedding_109,"Highly Respected President of Argentina, Javier Milei, has proven to be a truly fantastic and powerful Leader for the Great People of Argentina, advancing on all levels at record speed. He inherited a"
2025-09-25 09:05:40,DIA,LONG,0.001218,0.2984,152.45,0.4,GOOD,CorrelationDiscovery:+tweet_embedding_251,"RT @rapidresponse47President @realDonaldTrump: In the event that Russia is not ready to make a deal to end the war, then the United States is fully prepared to impose a very strong round of powerful t"
2025-09-16 09:06:38,QCOM,LONG,0.037067,4.8656,553.2,0.3,MARGINAL,CorrelationDiscovery:+tweet_embedding_220,"RT @realDonaldTrumpWhen Foreign Companies who are building extremely complex products, machines, and various other “things,” come into the United States with massive Investments, I want them to bring "
2025-09-25 09:14:43,IEF,SHORT,-0.002578,0.0759,8.6,0.2,MARGINAL,CorrelationDiscovery:-tweet_embedding_263,"Highly Respected President of Argentina, Javier Milei, has proven to be a truly fantastic and powerful Leader for the Great People of Argentina, advancing on all levels at record speed. He inherited a"
2025-09-26 09:04:25,SPY,LONG,0.002972,-0.1433,-24.58,0.2,MARGINAL,CorrelationDiscovery:-tweet_embedding_93,"Great Numbers came out today on the Economy (3.8%!), and the SUCCESS we are having, but our Interest Rates are too high! If it weren’t for Jerome “Too Late” Powell, we would be at 2% right now, and in"
2025-09-26 09:04:45,DIA,LONG,0.000636,-0.0849,-9.71,0.3,MARGINAL,CorrelationDiscovery:+tweet_embedding_251,"We will be imposing a 50% Tariff on all Kitchen Cabinets, Bathroom Vanities, and associated products, starting October 1st, 2025. Additionally, we will be charging a 30% Tariff on Upholstered Furnitur"
2025-09-26 09:04:57,QCOM,LONG,0.005093,-0.785,-134.56,0.2,MARGINAL,CorrelationDiscovery:+tweet_embedding_220,"Starting October 1st, 2025, we will be imposing a 100% Tariff on any branded or patented Pharmaceutical Product, unless a Company IS BUILDING their Pharmaceutical Manufacturing Plant in America. “IS B"
2025-09-26 09:04:21,USO,LONG,0.006139,-0.3261,-167.51,0.2,MARGINAL,CorrelationDiscovery:+tweet_embedding_243,"RT @WhiteHousePresident Donald J. Trump welcomes the elite Marine Corps Silent Drill Platoon to the Oval Office, personally presenting each member with a Presidential Challenge Coin. 🇺🇸::"
2025-09-26 09:04:29,TLT,SHORT,-0.010552,-0.1949,-33.32,0.3,MARGINAL,CorrelationDiscovery:+tweet_embedding_109,"Great Numbers came out today on the Economy (3.8%!), and the SUCCESS we are having, but our Interest Rates are too high! If it weren’t for Jerome “Too Late” Powell, we would be at 2% right now, and in"
2025-09-26 09:04:58,IEF,LONG,0.004865,-0.1216,-13.85,0.3,MARGINAL,CorrelationDiscovery:-tweet_embedding_263,"Great Numbers came out today on the Economy (3.8%!), and the SUCCESS we are having, but our Interest Rates are too high! If it weren’t for Jerome “Too Late” Powell, we would be at 2% right now, and in"
2025-09-26 09:30:50,IEF,LONG,0.002206,0.1173,13.36,0.3,MARGINAL,CorrelationDiscovery:-tweet_embedding_263,"Great Numbers came out today on the Economy (3.8%!), and the SUCCESS we are having, but our Interest Rates are too high! If it weren’t for Jerome “Too Late” Powell, we would be at 2% right now, and in"
2025-09-29 09:04:45,IEF,LONG,0.008927,-0.0845,-28.86,0.3,MARGINAL,CorrelationDiscovery:-tweet_embedding_263,"I have been briefed on the horrendous shooting that took place at the Church of Jesus Christ of Latter-day Saints, in Grand Blanc, Michigan. The FBI was immediately on scene, and will be leading the F"
2025-09-16 09:04:58,AMD,SHORT,-0.039487,0.044,5.02,0.6,GOOD,CorrelationDiscovery:-tweet_embedding_97,"RT @realDonaldTrumpWhen Foreign Companies who are building extremely complex products, machines, and various other “things,” come into the United States with massive Investments, I want them to bring "
2025-09-29 12:43:32,AMD,SHORT,-0.005429,-0.5434,-278.48,0.5,GOOD,CorrelationDiscovery:-tweet_embedding_97,"Self proclaimed New York City Communist, Zohran Mamdani, who is running for Mayor, will prove to be one of the best things to ever happen to our great Republican Party. He is going to have problems wi"
2025-09-30 09:04:23,AMD,SHORT,-0.007571,-0.3513,-119.69,0.5,GOOD,CorrelationDiscovery:-tweet_embedding_97,"Self proclaimed New York City Communist, Zohran Mamdani, who is running for Mayor, will prove to be one of the best things to ever happen to our great Republican Party. He is going to have problems wi"
2025-09-25 09:05:19,UUP,LONG,0.011564,-0.6028,-88.78,0.2,MARGINAL,CorrelationDiscovery:+tweet_embedding_349,"Earlier this month I spoke with the Highly Respected President of Uzbekistan, Shavkat Mirziyoyev. Today I want to congratulate President Mirziyoyev on signing a GREAT Deal with Boeing! Worth over $8 B"
2025-10-01 18:21:20,UUP,SHORT,-0.005575,0.1191,20.24,0.3,MARGINAL,CorrelationDiscovery:+tweet_embedding_349,"The Soybean Farmers of our Country are being hurt because China is, for “negotiating” reasons only, not buying. We’ve made so much money on Tariffs, that we are going to take a small portion of that m"
2025-09-26 09:30:19,USO,LONG,0.006505,-7.0171,-7159.51,0.2,MARGINAL,CorrelationDiscovery:+tweet_embedding_243,"RT @WhiteHousePresident Donald J. Trump welcomes the elite Marine Corps Silent Drill Platoon to the Oval Office, personally presenting each member with a Presidential Challenge Coin. 🇺🇸::"
2025-09-26 09:30:16,SPY,LONG,0.003874,1.7367,549.21,0.2,MARGINAL,CorrelationDiscovery:-tweet_embedding_93,"Great Numbers came out today on the Economy (3.8%!), and the SUCCESS we are having, but our Interest Rates are too high! If it weren’t for Jerome “Too Late” Powell, we would be at 2% right now, and in"
2025-10-03 18:27:29,USO,SHORT,-0.010127,0.8464,161.67,0.2,MARGINAL,CorrelationDiscovery:+tweet_embedding_243,"It is my Great Honor to endorse America First Patriot Matt Van Epps, who is running to represent the Great People of Tennessee’s 7th Congressional District. A West Point Graduate, and Combat Decorated"
2025-09-26 09:30:17,DIA,LONG,0.000367,1.5117,289.0,0.3,MARGINAL,CorrelationDiscovery:+tweet_embedding_251,"We will be imposing a 50% Tariff on all Kitchen Cabinets, Bathroom Vanities, and associated products, starting October 1st, 2025. Additionally, we will be charging a 30% Tariff on Upholstered Furnitur"
2025-10-02 09:30:00,UUP,LONG,0.007659,0.5372,86.36,0.2,MARGINAL,CorrelationDiscovery:+tweet_embedding_349,"Republicans must use this opportunity of Democrat forced closure to clear out dead wood, waste, and fraud. Billions of Dollars can be saved. MAKE AMERICA GREAT AGAIN!::"
2025-10-06 09:04:32,SPY,LONG,0.004274,0.0377,18.11,0.2,MARGINAL,CorrelationDiscovery:-tweet_embedding_93,"Corrupt Letitia James is costing New York State Hundreds of Billions of Dollars in lost business. No company or individual wants to be there, knowing that she’s the “Attorney General.” She is a Comple"
2025-10-06 09:05:08,DIA,LONG,0.009826,-0.427,-136.6,0.3,MARGINAL,CorrelationDiscovery:+tweet_embedding_251,"It has just come out that the Radical Left Lunatic, Jay Jones, who is running against Jason Miyares, the GREAT Attorney General in Virginia, made SICK and DEMENTED jokes, if they were jokes at all, wh"
2025-10-06 11:56:09,DIA,LONG,0.003585,0.0393,9.41,0.2,MARGINAL,CorrelationDiscovery:+tweet_embedding_251,"JUST OUT: Good news for the Holiday Season. EARLY PRICES ARE DOWN, WHILE TARIFFS ARE MAKING OUR COUNTRY AN ECONOMIC POWER AGAIN. Also, virtually NO INFLATION, AS STOCK MARKETS CONTINUALLY HIT RECORD H"
2025-10-06 11:56:09,SPY,LONG,0.001448,0.1431,34.29,0.4,GOOD,CorrelationDiscovery:-tweet_embedding_93,"JUST OUT: Good news for the Holiday Season. EARLY PRICES ARE DOWN, WHILE TARIFFS ARE MAKING OUR COUNTRY AN ECONOMIC POWER AGAIN. Also, virtually NO INFLATION, AS STOCK MARKETS CONTINUALLY HIT RECORD H"
2025-10-06 16:41:47,DIA,LONG,0.000209,0.1489,23.8,0.2,MARGINAL,CorrelationDiscovery:+tweet_embedding_251,"This morning, I had a very good telephone call with President Lula, of Brazil. We discussed many things, but it was mostly focused on the Economy, and Trade, between our two Countries. We will be havi"
2025-10-07 09:04:27,SPY,LONG,0.003539,-0.2744,-263.17,0.2,MARGINAL,CorrelationDiscovery:-tweet_embedding_93,"Democrats have SHUT DOWN the United States Government right in the midst of one of the most successful Economies, including a Record Stock Market, that our Country has ever had. This has sadly affecte"
2025-10-06 09:04:37,USO,SHORT,-0.009081,0.1826,87.33,0.6,GOOD,CorrelationDiscovery:+tweet_embedding_243,"Before I became President, “OPEC” kept Oil prices high. It wasn’t right for them to do that but, in a different form, is being done again — This time by the Big Homebuilders of our Nation. They’re my "
2025-10-07 09:05:12,DIA,LONG,0.003692,-0.3855,-41.04,0.2,MARGINAL,CorrelationDiscovery:+tweet_embedding_251,"JUST OUT: Good news for the Holiday Season. EARLY PRICES ARE DOWN, WHILE TARIFFS ARE MAKING OUR COUNTRY AN ECONOMIC POWER AGAIN. Also, virtually NO INFLATION, AS STOCK MARKETS CONTINUALLY HIT RECORD H"
2025-10-07 09:30:22,SPY,LONG,0.00407,-0.163,-155.95,0.2,MARGINAL,CorrelationDiscovery:-tweet_embedding_93,"Democrats have SHUT DOWN the United States Government right in the midst of one of the most successful Economies, including a Record Stock Market, that our Country has ever had. This has sadly affecte"
2025-10-07 12:52:52,USO,SHORT,-0.010431,1.3812,659.95,0.2,MARGINAL,CorrelationDiscovery:+tweet_embedding_243,"VOTE TODAY! It is my Great Honor to endorse America First Patriot Matt Van Epps, who is running to represent the Great People of Tennessee’s 7th Congressional District. A West Point Graduate, and Comb"
2025-10-08 14:58:02,USO,SHORT,-0.004066,-0.0721,-7.71,0.2,MARGINAL,CorrelationDiscovery:+tweet_embedding_243,"Congressman Chris Smith is a fantastic Representative for the wonderful people of New Jersey’s 4th Congressional District! As a Senior Member of the House Committee on Foreign Affairs, Chris is fighti"
2025-10-01 09:30:17,AMD,SHORT,-0.005429,36.0123,34638.09,0.5,GOOD,CorrelationDiscovery:-tweet_embedding_97,"Self proclaimed New York City Communist, Zohran Mamdani, who is running for Mayor, will prove to be one of the best things to ever happen to our great Republican Party. He is going to have problems wi"
2025-09-16 09:04:44,NVDA,LONG,0.026134,5.3207,773.41,0.4,GOOD,CorrelationDiscovery:+tweet_embedding_184,"RT @realDonaldTrumpWhen Foreign Companies who are building extremely complex products, machines, and various other “things,” come into the United States with massive Investments, I want them to bring "
2025-10-10 14:57:56,NVDA,SHORT,-0.036488,-1.3779,-453.31,0.2,MARGINAL,CorrelationDiscovery:+tweet_embedding_184,"Some very strange things are happening in China! They are becoming very hostile, and sending letters to Countries throughout the World, that they want to impose Export Controls on each and every eleme"
2025-10-08 15:19:27,USO,SHORT,-0.003692,-5.8581,-2560.82,0.2,MARGINAL,CorrelationDiscovery:+tweet_embedding_243,"Congressman Jeff Van Drew is a “MAGA” Warrior for the incredible people of New Jersey’s 2nd Congressional District! As the Chairman of the House Judiciary Subcommittee on Oversight, Jeff is doing a tr"
2025-10-15 04:00:01,USO,SHORT,-0.012337,0.5817,249.31,0.2,MARGINAL,CorrelationDiscovery:+tweet_embedding_243,"I believe that China purposefully not buying our Soybeans, and causing difficulty for our Soybean Farmers, is an Economically Hostile Act. We are considering terminating business with China having to "
2025-10-06 09:09:39,UUP,LONG,0.009352,0.4076,87.51,0.2,MARGINAL,CorrelationDiscovery:+tweet_embedding_349,"Corrupt Letitia James is costing New York State Hundreds of Billions of Dollars in lost business. No company or individual wants to be there, knowing that she’s the “Attorney General.” She is a Comple"
2025-10-15 09:30:19,USO,SHORT,-0.004036,-2.5772,-1104.31,0.2,MARGINAL,CorrelationDiscovery:+tweet_embedding_243,"Congressman Tom Cole is a Tremendous Champion for Oklahoma’s 4th Congressional District! As the Chairman of the POWERFUL House Appropriations Committee, Tom knows the America First Policies required t"
2025-10-21 09:30:18,USO,LONG,0.009611,2.2444,1437.43,0.2,MARGINAL,CorrelationDiscovery:+tweet_embedding_243,"Jack Ciattarelli, the wonderful New Jersey Gubernatorial Candidate that is doing very well in the Polls against a very Fake and Corrupt Mikie Sherrill, will bring Energy prices down in New Jersey by r"
2025-10-08 14:57:49,SPY,LONG,0.005818,-0.6887,-98.9,0.2,MARGINAL,CorrelationDiscovery:-tweet_embedding_93,"Congressman Chris Smith is a fantastic Representative for the wonderful people of New Jersey’s 4th Congressional District! As a Senior Member of the House Committee on Foreign Affairs, Chris is fighti"
2025-10-08 14:57:47,DIA,LONG,0.007192,-0.2529,-108.86,0.2,MARGINAL,CorrelationDiscovery:+tweet_embedding_251,"Congressman Chris Smith is a fantastic Representative for the wonderful people of New Jersey’s 4th Congressional District! As a Senior Member of the House Committee on Foreign Affairs, Chris is fighti"
2025-10-22 09:30:19,USO,LONG,0.008383,2.3849,3077.6,0.2,MARGINAL,CorrelationDiscovery:+tweet_embedding_243,"Congressman Paul Gosar, D.D.S., is an America First Patriot, who is doing a fantastic job representing Arizona’s 9th Congressional District! A MAGA Warrior, who has been with us from the very beginnin"
2025-10-22 16:56:44,DIA,LONG,0.000206,-0.1213,-26.7,0.2,MARGINAL,CorrelationDiscovery:+tweet_embedding_251,"Mary Barra of General Motors, and Bill Ford of Ford Motor Company, just called to thank me for putting Tariffs on Mid Size and Large Size Trucks. Their Stock has gone through the roof! They told me th"
2025-10-22 19:39:47,USO,SHORT,-0.00166,0.6898,303.73,0.2,MARGINAL,CorrelationDiscovery:+tweet_embedding_243,"For all of those people voting in New Jersey and Virginia for Governor, Attorney General, or any other position, please remember this: A REPUBLICAN VOTE MEANS A DRASTIC DROP IN ENERGY PRICES AND ENERG"
2025-10-22 16:55:44,SPY,SHORT,-0.00095,0.0952,63.04,0.2,MARGINAL,CorrelationDiscovery:-tweet_embedding_93,"Mary Barra of General Motors, and Bill Ford of Ford Motor Company, just called to thank me for putting Tariffs on Mid Size and Large Size Trucks. Their Stock has gone through the roof! They told me th"
2025-10-17 09:36:11,UUP,LONG,0.005672,0.6132,270.76,0.2,MARGINAL,CorrelationDiscovery:+tweet_embedding_349,"The United States Air Force Academy Cadet Chapel has been a CONSTRUCTION DISASTER from the time it was built in 1962. The earlier stories are that it leaked on Day One, and that was the good part. Hun"
2025-10-23 04:02:59,UUP,LONG,0.005478,-0.0178,-2.63,0.2,MARGINAL,CorrelationDiscovery:+tweet_embedding_349,"I just spoke with Governor Mike Kehoe, of the Great State of Missouri, and told him that I am approving $2.5 Million Dollars in individual assistance after severe storms, high winds, large hail, flash"
2025-10-22 19:59:42,DIA,LONG,0.002746,0.9882,437.2,0.4,GOOD,CorrelationDiscovery:+tweet_embedding_251,"Wilton Simpson is the strong and highly popular Agriculture Commissioner for Florida, my “Home” State, which I love and won SIX times, including with 6.1 Million Votes in 2024, the most in History (BY"
2025-10-23 04:00:00,SPY,LONG,0.002128,1.0243,227.9,0.2,MARGINAL,CorrelationDiscovery:-tweet_embedding_93,"The Wall Street Journal story on the U.S.A.’s approval of Ukraine being allowed to use long range missiles deep into Russia is FAKE NEWS! The U.S. has nothing to do with those missiles, wherever they "
2025-10-24 09:30:19,SPY,SHORT,-0.002326,0.3092,103.1,0.2,MARGINAL,CorrelationDiscovery:-tweet_embedding_93,"The Ronald Reagan Foundation has just announced that Canada has fraudulently used an advertisement, which is FAKE, featuring Ronald Reagan speaking negatively about Tariffs. The ad was for $75,000,000"
2025-10-24 09:30:19,DIA,LONG,0.002228,0.6032,201.3,0.3,MARGINAL,CorrelationDiscovery:+tweet_embedding_251,"The Ronald Reagan Foundation has just announced that Canada has fraudulently used an advertisement, which is FAKE, featuring Ronald Reagan speaking negatively about Tariffs. The ad was for $75,000,000"
2025-08-21 09:05:57,SHY,LONG,0.010662,0.4363,194.46,0.3,MARGINAL,CorrelationDiscovery:-tweet_embedding_108,"Could somebody please inform Jerome “Too Late” Powell that he is hurting the Housing Industry, very badly? People can’t get a Mortgage because of him. There is no Inflation, and every sign is pointing"
2025-09-04 14:31:36,EWW,SHORT,-0.009216,4.8281,6464.48,0.0,SUSPECT,CorrelationDiscovery:-tweet_embedding_106,"a href="""" rel=""nofollow noopener noreferrer"" target=""_blank"" span class=""invisible"" /span span class=""ellipsis"" wsj.com/economy/trade/tariff-c /span span class=""invisible"" ase-could-give-trump-massive"
2025-09-26 09:30:17,QCOM,LONG,0.008711,0.7909,226.35,0.2,MARGINAL,CorrelationDiscovery:+tweet_embedding_220,"Starting October 1st, 2025, we will be imposing a 100% Tariff on any branded or patented Pharmaceutical Product, unless a Company IS BUILDING their Pharmaceutical Manufacturing Plant in America. “IS B"
2025-09-26 09:30:23,TLT,SHORT,-0.010859,2.7261,638.75,0.3,MARGINAL,CorrelationDiscovery:+tweet_embedding_109,"Great Numbers came out today on the Economy (3.8%!), and the SUCCESS we are having, but our Interest Rates are too high! If it weren’t for Jerome “Too Late” Powell, we would be at 2% right now, and in"
2025-09-29 09:30:15,IEF,LONG,0.009939,1.0024,1415.66,0.3,MARGINAL,CorrelationDiscovery:-tweet_embedding_263,"I have been briefed on the horrendous shooting that took place at the Church of Jesus Christ of Latter-day Saints, in Grand Blanc, Michigan. The FBI was immediately on scene, and will be leading the F"
2025-10-10 14:57:56,AMD,SHORT,-0.049906,14.5289,5180.94,0.2,MARGINAL,CorrelationDiscovery:-tweet_embedding_97,"Some very strange things are happening in China! They are becoming very hostile, and sending letters to Countries throughout the World, that they want to impose Export Controls on each and every eleme"
2025-10-14 09:30:17,NVDA,SHORT,-0.029637,0.3878,573.3,0.2,MARGINAL,CorrelationDiscovery:+tweet_embedding_184,"Jensen Huang: ""President Trump did the Miracle. We are so proud and grateful."""
2025-10-23 04:00:00,USO,SHORT,-0.00715,3.272,805.01,0.3,MARGINAL,CorrelationDiscovery:+tweet_embedding_243,"“Treasury Sanctions Major Russian Oil Companies, Calls on Moscow to Immediately Agree to Ceasefire”"
2025-10-23 09:32:56,UUP,LONG,0.00472,-0.0533,-26.52,0.2,MARGINAL,CorrelationDiscovery:+tweet_embedding_349,"I spoke with Governor Kelly Armstrong, and informed him of my approval of $3 Million Dollars to assist in the aftermath of the major tornadoes and flooding that occurred in the beautiful State of Nort"
2025-10-24 11:31:14,SPY,SHORT,-0.002968,-0.0141,-2.63,0.3,MARGINAL,CorrelationDiscovery:-tweet_embedding_93,THE STOCK MARKET IS STRONGER THAN EVER BEFORE BECAUSE OF TARIFFS!
2025-10-24 11:31:14,DIA,SHORT,-0.000202,-0.0137,-2.55,0.2,MARGINAL,CorrelationDiscovery:+tweet_embedding_251,THE STOCK MARKET IS STRONGER THAN EVER BEFORE BECAUSE OF TARIFFS!
